1,khang,le,khang.le@yopmail.com,Male,389-341-740,26-11-2001
2,Dud,Ishak,dishak0@yopmail.com,Male,970-613-2617,24-06-2012
3,Sallie,Gaw,sgaw2@yopmail.com,Female,997-395-9270,12/5/1994
4,Belle,De Biasi,bdebiasi3@yopmail.com,Female,592-563-0424,8/4/2001
5,Bing,Filov,bfilov4@yopmail.com,Male,343-984-1150,19-10-1992
6,West,Douberday,wdouberday5@yopmail.com,Male,615-444-4318,24-05-1990
7,Marion,Northridge,mnorthridge6@yopmail.com,Female,149-504-2848,1/4/2020
8,Babs,Orridge,borridge9@yopmail.com,Female,654-596-4163,4/8/1999
9,Arliene,Dunnett,adunnetta@yopmail.com,Female,799-950-8349,10/8/1999
10,Anabal,Bick,abickb@yopmail.com,Female,100-307-6924,20-06-2009
11,Thelma,Hoodlass,thoodlassc@yopmail.com,Female,627-566-6711,16-11-2012
12,Othello,Sperrett,osperrettd@yopmail.com,Male,326-887-9247,28-11-1990
13,Kristal,Herche,kherchee@yopmail.com,Female,928-973-7589,12/11/2016
14,Archibaldo,Goldberg,agoldbergf@yopmail.com,Male,733-212-0386,27-04-2012
15,Traver,Sutheran,tsutherang@yopmail.com,Male,231-864-6056,30-12-1994
16,Noelani,Baggally,nbaggallyh@yopmail.com,Female,641-445-0261,22-02-2015
17,Maye,Peetermann,mpeetermanni@yopmail.com,Female,222-435-3367,19-01-2011
18,Fania,Rewan,frewank@yopmail.com,Female,191-884-4571,16-12-2014
19,Wolfgang,Oakes,woakesl@yopmail.com,Male,257-206-7432,23-01-2013
20,Ade,O' Timony,aotimonym@yopmail.com,Male,869-144-1196,6/8/2011
21,Cherrita,Dyers,cdyersn@yopmail.com,Female,458-114-4414,14-04-2017
22,Ram,Picknett,rpicknetto@yopmail.com,Male,844-259-6129,29-08-2016
23,Lauree,Welbelove,lwelbelovep@yopmail.com,Female,712-218-2506,2/4/1993
24,Christie,Fleischer,cfleischerq@yopmail.com,Male,738-533-1171,15-07-2006
25,Winthrop,Hamm,whammr@yopmail.com,Male,582-122-9264,16-10-1998
26,Cedric,Thring,cthrings@yopmail.com,Male,320-144-8534,20-07-2000
27,Lenci,Skipsey,lskipseyt@yopmail.com,Male,443-819-1410,17-11-2002
28,Marna,Breen,mbreenu@yopmail.com,Female,755-125-7502,6/11/2017
29,Moss,Doret,mdoretv@yopmail.com,Male,530-901-1228,4/6/1996
30,Goldie,Garland,ggarlandw@yopmail.com,Female,257-379-3499,8/2/2018
31,Arlena,Armytage,aarmytagex@yopmail.com,Female,258-586-8992,23-10-2019
32,Mame,Kenworth,mkenworthz@yopmail.com,Female,750-276-1808,10/2/2000
33,Joletta,O'Keefe,jokeefe10@yopmail.com,Female,345-311-4328,23-02-2002
34,Demetris,Golby,dgolby11@yopmail.com,Female,323-136-0870,13-12-1991
35,Brianna,Benez,bbenez12@yopmail.com,Female,143-309-5021,10/8/2014
36,Gratia,Mahedy,gmahedy13@yopmail.com,Female,362-587-9986,25-10-1994
37,Allissa,Kensall,akensall14@yopmail.com,Female,621-600-1159,25-04-2014
38,Ingaberg,Laba,ilaba15@yopmail.com,Female,674-550-0587,21-12-1999
39,Yorke,Hemms,yhemms17@yopmail.com,Male,560-750-1697,3/2/1996
40,Haskel,Najara,hnajara18@yopmail.com,Male,714-554-4153,23-07-1998
41,Lennie,Portress,lportress19@yopmail.com,Male,870-183-5539,7/5/1990
42,Fabian,Goodoune,fgoodoune1a@yopmail.com,Male,746-893-9654,12/5/2010
43,Valentin,Lambarton,vlambarton1b@yopmail.com,Male,229-940-0648,21-02-2004
44,Christabella,O'Scully,coscully1d@yopmail.com,Female,538-928-2462,20-09-2016
45,Cristian,Mackleden,cmackleden1f@yopmail.com,Male,730-252-2548,28-10-2018
46,Rufus,Santello,rsantello1g@yopmail.com,Male,716-544-4886,27-10-2015
47,Smith,Songust,ssongust1h@yopmail.com,Male,586-272-2263,6/4/2001
48,Constanta,Comiam,ccomiam1j@yopmail.com,Female,560-978-8891,31-03-2009
49,Burty,Cutbirth,bcutbirth1k@yopmail.com,Male,104-338-0122,30-01-2005
50,Keefer,Caddie,kcaddie1l@yopmail.com,Male,495-708-8739,2/3/2000
51,Jarib,Ankers,jankers1m@yopmail.com,Male,203-806-9578,12/4/2000
52,Nikita,Rennolds,nrennolds1n@yopmail.com,Male,939-519-9155,11/11/2014
53,Norris,Millson,nmillson1o@yopmail.com,Male,117-607-6908,31-07-2014
54,Tait,O' Culligan,toculligan1p@yopmail.com,Male,891-446-0089,14-11-2019
55,Mabel,Ferrarone,mferrarone1q@yopmail.com,Female,443-669-1163,10/2/1995
56,Shepherd,Doud,sdoud1r@yopmail.com,Male,874-226-4208,2/9/2000
57,Alvin,Larmour,alarmour1s@yopmail.com,Male,522-621-9071,4/1/2007
58,May,Tellwright,mtellwright1t@yopmail.com,Female,901-266-9397,19-12-2002
59,Bret,Vallens,bvallens1u@yopmail.com,Male,551-205-2523,10/3/2004
60,Gertrudis,Creavan,gcreavan1v@yopmail.com,Female,896-323-8268,11/10/2014
61,Gilberte,Hedgeman,ghedgeman1x@yopmail.com,Female,204-819-8853,30-08-2016
62,Alf,Hacquoil,ahacquoil1y@yopmail.com,Male,649-415-9535,25-08-1995
63,Clemens,Gallager,cgallager1z@yopmail.com,Male,225-181-7339,27-06-2009
64,Ezra,Kares,ekares20@yopmail.com,Male,835-396-0847,22-04-1994
65,Ugo,Coom,ucoom21@yopmail.com,Male,925-961-9539,21-03-2020
66,Arthur,Ruggiero,aruggiero22@yopmail.com,Male,699-566-1150,23-02-1999
67,Rockey,Kindall,rkindall23@yopmail.com,Male,843-664-5976,25-12-1997
68,Rurik,Farrear,rfarrear24@yopmail.com,Male,467-261-5095,31-12-1990
69,Nichole,Dillow,ndillow25@yopmail.com,Male,390-205-6658,1/12/2015
70,Jorge,Brydie,jbrydie26@yopmail.com,Male,293-593-3922,14-01-2005
71,Albrecht,Defries,adefries27@yopmail.com,Male,990-587-6042,29-06-2014
72,Murvyn,Longstaff,mlongstaff28@yopmail.com,Male,321-278-5972,31-01-2020
73,Ewan,Crosland,ecrosland29@yopmail.com,Male,562-453-2275,19-09-2021
74,Jacynth,Weond,jweond2a@yopmail.com,Female,710-439-5441,7/12/1990
75,Genni,Butt Gow,gbuttgow2b@yopmail.com,Female,835-391-9721,30-01-2007
76,Ardelis,Loyley,aloyley2c@yopmail.com,Female,679-369-7397,10/9/2019
77,Sholom,Furtado,sfurtado2d@yopmail.com,Male,195-574-0892,10/9/2015
78,Hedwig,Linn,hlinn2e@yopmail.com,Female,739-937-9018,4/8/2012
79,Rutherford,Blacksell,rblacksell2f@yopmail.com,Male,355-906-1899,18-11-2020
80,Rice,Scrinage,rscrinage2g@yopmail.com,Male,142-614-5150,28-08-2021
81,Kerry,Kleynen,kkleynen2h@yopmail.com,Male,962-254-0894,25-10-2002
82,Deny,Frisel,dfrisel2i@yopmail.com,Female,347-491-3346,2/4/1995
83,Julee,Chaff,jchaff2j@yopmail.com,Female,665-849-2954,1/6/2010
84,Georgie,Eakly,geakly2k@yopmail.com,Male,627-958-7492,3/7/2010
85,Euell,Snoddy,esnoddy2l@yopmail.com,Male,455-784-8545,21-11-2010
86,Daffie,Jarrold,djarrold2m@yopmail.com,Female,884-495-8889,2/10/2016
87,Elysia,Frewer,efrewer2n@yopmail.com,Female,356-192-3030,3/5/2020
88,Kimball,Manie,kmanie2o@yopmail.com,Male,769-903-0823,19-06-1994
89,Durand,Perell,dperell2p@yopmail.com,Male,970-528-2511,14-11-1997
90,Greta,Haigh,ghaigh2q@yopmail.com,Female,982-222-7378,28-11-2018
91,Oberon,Worswick,oworswick2r@yopmail.com,Male,271-318-8770,17-12-2000
92,Martin,Ridesdale,mridesdale2s@yopmail.com,Male,868-783-8805,3/12/2014
93,Curcio,Pitherick,cpitherick2t@yopmail.com,Male,193-522-4872,15-02-1998
94,Sherwynd,Slimings,sslimings2u@yopmail.com,Male,896-614-9723,16-01-2003
95,Sisile,Louis,slouis2w@yopmail.com,Female,797-543-2634,14-08-1995
96,Kilian,Pittam,kpittam2x@yopmail.com,Male,417-162-8247,9/7/2007
97,Vivyanne,Ashmore,vashmore2y@yopmail.com,Female,474-833-7890,7/6/2009
98,Aksel,Hortop,ahortop2z@yopmail.com,Male,628-650-1193,1/5/2011
99,Birk,Alves,balves30@yopmail.com,Male,140-407-7680,8/8/1995
100,Lauren,Eliesco,leliesco31@yopmail.com,Male,712-410-7384,6/5/1997
101,Eugene,Moyles,emoyles32@yopmail.com,Male,106-840-2143,6/6/1990
